<?xml version="1.0" encoding="UTF-8"?>
<book>
        <isbn>1-111-222-111-555</isbn>
        <title>qwgwcfsadcacsacs</title>
        <year>2023</year>
        <publisher>asd</publisher>
        <authors>
            <author>
                <firstName>arsen</firstName>
                <lastName>ivanov</lastName>
            </author>
        </authors>
        <genres>
            <genre>
                <name>Adventure</name>
            </genre>
        </genres>
        <totalQuantity>10</totalQuantity>
    </book>